<?xml version="1.0" encoding="UTF-8"?>
<modification>
    <generator>Created using by MCLSOFT OE</generator>
    <name>MCLSOFT excel Extensions</name>
    <version>21.5.0.12</version>
    <code>mclsoft_excel_extensions</code>
    <author>Chris Lignos</author>
    <link>https://www.mclsoft.gr</link>

    <file path="admin/language/*/catalog/mcl_basic_extensions.php">
        <operation>
            <search><![CDATA[//Tab Text]]></search>
            <add position="after"><![CDATA[
                $_['tab_excel']               = 'Excel';
            ]]></add>
        </operation>
    </file>

    <file path="admin/language/el-gr/catalog/mcl_basic_extensions.php">
        <operation>
            <search><![CDATA[// Button]]></search>
            <add position="after"><![CDATA[
                $_['btn_excel_export']               = 'Εξαγωγή σε excel';
            ]]></add>
        </operation>
        <operation>
            <search><![CDATA[// Button]]></search>
            <add position="after"><![CDATA[
                $_['btn_excel_import']               = 'Εισαγωγή από excel';
            ]]></add>
        </operation>
    </file>
    
    <file path="admin/language/en-gb/catalog/mcl_basic_extensions.php">
        <operation>
            <search><![CDATA[// Button]]></search>
            <add position="after"><![CDATA[
                $_['btn_excel_export']               = 'Export to excel';
            ]]></add>
        </operation>
        <operation>
            <search><![CDATA[// Button]]></search>
            <add position="after"><![CDATA[
                $_['btn_excel_import']               = 'Import from excel';
            ]]></add>
        </operation>
    </file>
    
    <file path="admin/controller/catalog/mcl_basic_extensions.php">
        <operation>
            <search><![CDATA[$data['cancel'] = $this->url->link('common/dashboard', 'user_token=' . $this->session->data['user_token'] . '&type=feed', true);]]></search>
            <add position="after"><![CDATA[
            /*
            if (isset($this->request->post['filename'])) {
			$data['filename'] = $_FILES['excel_import']['tmp_name'];
			//$data['filename'] = $_FILES['excel_import']['name'];
		} else {
			$data['filename'] = ' keno ';
		}
                $data['excel_export'] = $this->url->link('catalog/mcl_basic_extensions/excel_export', 'user_token=' . $this->session->data['user_token'] . '&type=feed', true);
                
                $data['excel_import'] = $this->url->link('catalog/mcl_basic_extensions/excel_import', 'user_token=' . $this->session->data['user_token'] . '&type=feed', true);
        */
        
            if(empty($_FILES)) {
                $data['filename'] = ' keno ';       
            } else {
                $data['filename'] = ' stg ';
            }    
        
        
            $data['excel_export'] = $this->url->link('catalog/mcl_basic_extensions/excel_export', 'user_token=' . $this->session->data['user_token'] . '&type=feed', true);
            
            $data['excel_import'] = $this->url->link('catalog/mcl_basic_extensions/excel_import', 'user_token=' . $this->session->data['user_token'] . '&type=feed', true);
            ]]></add>
        </operation>
        <operation>
            <search><![CDATA[//add code]]></search>
            <add position="after"><![CDATA[
                public function excel_export() {  
	                $this->load->language('catalog/mcl_basic_extensions');
	                $this->load->model('catalog/mcl_basic_extensions');  
	                
	                $this->model_catalog_mcl_basic_extensions->excel_export();
	                
	                $this->session->data['success'] = $this->language->get('text_success');
                    $url = '&'.time();

	                $this->response->redirect($this->url->link('catalog/mcl_basic_extensions', 'user_token=' . $this->session->data['user_token'] . $url, true));
                }
                
                public function excel_import() {  
                    $this->load->language('catalog/mcl_basic_extensions');
                    
                    $this->load->model('catalog/mcl_basic_extensions');  
	                
	                
	                $this->session->data['success'] = $this->language->get('text_success')." - ". $data['filename'] ;
                    $url = '&'.time();

	                $this->response->redirect($this->url->link('catalog/mcl_basic_extensions', 'user_token=' . $this->session->data['user_token'] . $url, true));
                }
            ]]></add>
        </operation>
    </file>
    
    <file path="admin/view/template/catalog/mcl_basic_extensions.twig">
        <operation>
            <search><![CDATA[<!-- Tabs -->]]></search>
            <add position="before"><![CDATA[
                <li class="active">
                    <a data-toggle="tab" href="#tab-excel" style="border-left: 1px solid #DDD; border-top: 1px solid #DDD; border-right: 1px solid #DDD;">{{ tab_excel }}</a>  
                </li>
            ]]></add>
        </operation>
        <operation>
            <search><![CDATA[<!-- Design Tabs -->]]></search>
            <add position="before"><![CDATA[
                <div class="tab-pane active" id="tab-excel">
                    <div class="panel-body">
	                    <div style="width:100%;padding-top: 0px;">
		                    <a href="{{ excel_export }}" data-toggle="tooltip" title="{{ btn_excel_export }}" class="btn btn-primary">{{ btn_excel_export }}</a>
                        </div>     
	                </div>
                </div>
            ]]></add>
        </operation><operation>
            <search><![CDATA[<!-- Design Tabs -->]]></search>
            <add position="before"><![CDATA[
                <div class="tab-pane active" id="tab-excel">
                    <div class="panel-body">
                        <form action="" method="post" enctype="multipart/form-data" id="import">
    	                    <div style="width:100%;padding-top: 0px;">
    		                   <label class="form-label" for="{{ btn_excel_import }}">{{ btn_excel_import }}</label>
                                <input type="file" name="excel_import" class="form-control" id="{{ btn_excel_import }}" />
                            </div>
                            <div style="margin-top:10px;">
                                <a href=" {{ excel_import }} " data-toggle="tooltip" title="{{ btn_excel_import }}" class="btn btn-primary">{{ btn_excel_import }}</a>
                            </div>
                        </form>
	                </div>
                </div>
            ]]></add>
        </operation>
    </file>
 
    <file path="admin/model/catalog/mcl_basic_extensions.php">
        <operation>
            <search><![CDATA[<?php]]></search>
            <add position="after"><![CDATA[
            
                require DIR_SYSTEM . 'vendor/autoload.php';

                use PhpOffice\PhpSpreadsheet\IOFactory;
                use PhpOffice\PhpSpreadsheet\Spreadsheet;
                use PhpOffice\PhpSpreadsheet\Writer\Xlsx;
                
                ]]>
            </add>
        </operation>
        <operation>
            <search><![CDATA[//add code]]></search>
                <add position="after"><![CDATA[
                public function excel_export() { 
                    $query = $this->db->query("SELECT p.product_id,p.model,p.quantity,pd.name FROM " . DB_PREFIX . "product p Inner Join " . DB_PREFIX . "product_description pd on pd.product_id = p.product_id ");
                
                    $spreadsheet = new Spreadsheet();
                    $sheet = $spreadsheet->getActiveSheet();
                
                    $sheet->getColumnDimension('A')->setAutoSize(true);
                    $sheet->getColumnDimension('B')->setAutoSize(true);
                    $sheet->getColumnDimension('C')->setAutoSize(true);
                    $sheet->getColumnDimension('E')->setAutoSize(true);
                
                    $counter = 2;
                
                    $sheet->getStyle('A1:E1')->getFont()->setSize(18);
                    $sheet->setCellValue('A1', "id");
                
                    //Code to change colors if needed
                    //$sheet->getStyle('B2')->getFont()->getColor()->setARGB(\PhpOffice\PhpSpreadsheet\Style\Color::COLOR_RED);
                
                    $sheet->setCellValue('B1', "Όνομα");
                    $sheet->setCellValue('C1', "Μοντέλο");
                    $sheet->setCellValue('E1', "Ποσότητα");
                
                    
                        foreach ($query->rows as $row) {
                    	    $sheet->setCellValue('A'. $counter, $row["product_id"]);
                            $sheet->setCellValue('B'. $counter, $row["name"]);
                            $sheet->setCellValue('C'. $counter, $row["model"]);
                            $sheet->setCellValue('E'. $counter, $row["quantity"]);
                            $counter++;
                        }
                       
                        
                        header('Content-Type: application/vnd.openxmlformats-officedocument.spreadsheetml.sheet');
                        header('Content-Disposition: attachment;filename="myfile.xlsx"');
                        header('Cache-Control: max-age=0');
                        
                        $writer = \PhpOffice\PhpSpreadsheet\IOFactory::createWriter($spreadsheet, 'Xlsx');
                        $writer->save('php://output');
                }
                
                public function excel_import() {
                    //$connect = new PDO("mysql:host=localhost;dbname=octest", "root", "");
                    
                    //$this->db->query("INSERT INTO " . DB_PREFIX . "product SET model = '" . $this->db->escape($data['model']) . "', sku = '" . $this->db->escape($data['sku']) . "', upc = '" . $this->db->escape($data['upc']) . "', ean = '" . $this->db->escape($data['ean']) . "', jan = '" . $this->db->escape($data['jan']) . "', isbn = '" . $this->db->escape($data['isbn']) . "', mpn = '" . $this->db->escape($data['mpn']) . "', location = '" . $this->db->escape($data['location']) . "', quantity = '" . (int)$data['quantity'] . "', minimum = '" . (int)$data['minimum'] . "', subtract = '" . (int)$data['subtract'] . "', stock_status_id = '" . (int)$data['stock_status_id'] . "', date_available = '" . $this->db->escape($data['date_available']) . "', manufacturer_id = '" . (int)$data['manufacturer_id'] . "', shipping = '" . (int)$data['shipping'] . "', price = '" . (float)$data['price'] . "', points = '" . (int)$data['points'] . "', weight = '" . (float)$data['weight'] . "', weight_class_id = '" . (int)$data['weight_class_id'] . "', length = '" . (float)$data['length'] . "', width = '" . (float)$data['width'] . "', height = '" . (float)$data['height'] . "', length_class_id = '" . (int)$data['length_class_id'] . "', status = '" . (int)$data['status'] . "', tax_class_id = '" . (int)$data['tax_class_id'] . "', sort_order = '" . (int)$data['sort_order'] . "', date_added = NOW(), date_modified = NOW()");


                    if($_FILES["excel_import"]["name"] != '')
                    {
                        $allowed_extension = array('xls', 'csv', 'xlsx');
                        $file_array = explode(".", $_FILES["excel_import"]["name"]);
                        $file_extension = end($file_array);
                    
                        if(in_array($file_extension, $allowed_extension))
                        {
                            $file_name = time() . '.' . $file_extension;
                            move_uploaded_file($_FILES['import_excel']['tmp_name'], $file_name);
                            $file_type = \PhpOffice\PhpSpreadsheet\IOFactory::identify($file_name);
                            $reader = \PhpOffice\PhpSpreadsheet\IOFactory::createReader($file_type);
                            
                            $spreadsheet = $reader->load($file_name);
                            
                            unlink($file_name);
                            
                            $data = $spreadsheet->getActiveSheet()->toArray();
                             
                            unset($data[0]);
                              
                            foreach($data as $row)
                            {
                                $insert_data = array(
                                ':first_name'  => $row[0],
                                ':last_name'  => $row[1],
                                ':created_at'  => $row[2],
                                ':updated_at'  => $row[3]
                            );
                       
                       
                           $query = "
                           INSERT INTO octest 
                           (first_name, last_name, created_at, updated_at) 
                           VALUES (:first_name, :last_name, :created_at, :updated_at)
                           ";
                        
                           $statement = $connect->prepare($query);
                           $statement->execute($insert_data);
                        }
                        $message = '<div class="alert alert-success">Data Imported Successfully</div>';
                    
                        } else {
                          $message = '<div class="alert alert-danger">Only .xls .csv or .xlsx file allowed</div>';
                        }
                    }
                    else
                    {
                     $message = '<div class="alert alert-danger">Please Select File</div>';
                    }
                    
                    echo $message;
                }
                ]]></add>
        </operation>
    </file>
    

    
</modification>